https://338canada.com/10001e.htm,Ken McDonald,(federal LPC MP)
https://338canada.com/10002e.htm,Churence Rogers,(federal LPC MP)
https://338canada.com/10003e.htm,Clifford Small,(federal CPC MP)
https://338canada.com/10004e.htm,Yvonne Jones,(federal LPC MP)
https://338canada.com/10005e.htm,Gudie Hutchings,(federal LPC MP)
https://338canada.com/10006e.htm,Joanne Thompson,(federal LPC MP)
https://338canada.com/10007e.htm,Seamus O’Regan,(federal LPC MP)
https://338canada.com/11001e.htm,Lawrence MacAulay,(federal LPC MP)
https://338canada.com/11002e.htm,Sean Casey,(federal LPC MP)
https://338canada.com/11003e.htm,Bobby Morrissey,(federal LPC MP)
https://338canada.com/11004e.htm,Heath MacDonald,(federal LPC MP)
https://338canada.com/12001e.htm,Mike Kelloway,(federal LPC MP)
https://338canada.com/12002e.htm,Sean Fraser,(federal LPC MP)
https://338canada.com/12003e.htm,Stephen Ellis,(federal CPC MP)
https://338canada.com/12004e.htm,Darren Fisher,(federal LPC MP)
https://338canada.com/12005e.htm,Andy Fillmore,(federal LPC MP)
https://338canada.com/12006e.htm,Lena Diab,(federal LPC MP)
https://338canada.com/12007e.htm,Kody Blois,(federal LPC MP)
https://338canada.com/12008e.htm,Darrell Samson,(federal LPC MP)
https://338canada.com/12009e.htm,Rick Perkins,(federal CPC MP)
https://338canada.com/12010e.htm,Jaime Battiste,(federal LPC MP)
https://338canada.com/12011e.htm,Chris d’Entremont,(federal CPC MP)
https://338canada.com/13001e.htm,Serge Cormier,(federal LPC MP)
https://338canada.com/13002e.htm,Dominic LeBlanc,(federal LPC MP)
https://338canada.com/13003e.htm,Jenica Atwin,(federal LPC MP)
https://338canada.com/13004e.htm,Rob Moore,(federal CPC MP)
https://338canada.com/13005e.htm,René Arseneault,(federal LPC MP)
https://338canada.com/13006e.htm,Jake Stewart,(federal CPC MP)
https://338canada.com/13007e.htm,Ginette Petitpas Taylor,(federal LPC MP)
https://338canada.com/13008e.htm,John Williamson,(federal CPC MP)
https://338canada.com/13009e.htm,Wayne Long,(federal LPC MP)
https://338canada.com/13010e.htm,Richard Bragdon,(federal CPC MP)
https://338canada.com/24001e.htm,Sylvie Bérubé,(federal BQ MP)
https://338canada.com/24002e.htm,Sébastien Lemire,(federal BQ MP)
https://338canada.com/24003e.htm,Mélanie Joly,(federal LPC MP)
https://338canada.com/24004e.htm,Angelo Iacono,(federal LPC MP)
https://338canada.com/24005e.htm,Stéphane Lauzon,(federal LPC MP)
https://338canada.com/24006e.htm,Kristina Michaud,(federal BQ MP)
https://338canada.com/24007e.htm,Richard Lehoux,(federal CPC MP)
https://338canada.com/24008e.htm,Julie Vignola,(federal BQ MP)
https://338canada.com/24009e.htm,Louis Plamondon,(federal BQ MP)
https://338canada.com/24010e.htm,Dominique Vien,(federal CPC MP)
https://338canada.com/24011e.htm,Yves-François Blanchet,(federal BQ MP)
https://338canada.com/24012e.htm,Yves Perron,(federal BQ MP)
https://338canada.com/24013e.htm,Louise Chabot,(federal BQ MP)
https://338canada.com/24014e.htm,Xavier Barsalou-Duval,(federal BQ MP)
https://338canada.com/24015e.htm,Emmanuel Dubourg,(federal LPC MP)
https://338canada.com/24016e.htm,Pascale St-Onge,(federal LPC MP)
https://338canada.com/24017e.htm,Alexandra Mendès,(federal LPC MP)
https://338canada.com/24018e.htm,Maxime Blanchette-Joncas,(federal BQ MP)
https://338canada.com/24019e.htm,Pierre Paul-Hus,(federal CPC MP)
https://338canada.com/24020e.htm,Caroline Desbeins,(federal BQ MP)
https://338canada.com/24021e.htm,Brenda Shanahan,(federal LPC MP)
https://338canada.com/24022e.htm,Richard Martel,(federal CPC MP)
https://338canada.com/24023e.htm,Marie-Claude Bibeau,(federal LPC MP)
https://338canada.com/24024e.htm,Anju Dhillon,(federal LPC MP)
https://338canada.com/24025e.htm,Martin Champoux,(federal BQ MP)
https://338canada.com/24026e.htm,Diane Lebouthillier,(federal LPC MP)
https://338canada.com/24027e.htm,Steven Mackinnon,(federal LPC MP)
https://338canada.com/24028e.htm,Soraya Martinez Ferrada,(federal LPC MP)
https://338canada.com/24029e.htm,Pablo Rodriguez,(federal LPC MP)
https://338canada.com/24030e.htm,Greg Fergus,(federal LPC MP)
https://338canada.com/24031e.htm,Gabriel Ste-Marie,(federal BQ MP)
https://338canada.com/24032e.htm,Mario Simard,(federal BQ MP)
https://338canada.com/24033e.htm,Mario Beaulieu,(federal BQ MP)
https://338canada.com/24034e.htm,Alain Therrien,(federal BQ MP)
https://338canada.com/24035e.htm,Alexis Brunelle-Duceppe,(federal BQ MP)
https://338canada.com/24036e.htm,Francis Scarpaleggia,(federal LPC MP)
https://338canada.com/24037e.htm,David Lametti,(federal LPC MP)
https://338canada.com/24038e.htm,Marie-Hélène Gaudreau,(federal BQ MP)
https://338canada.com/24039e.htm,Steven Guilbeault,(federal LPC MP)
https://338canada.com/24040e.htm,Fayçal El-Khoury,(federal LPC MP)
https://338canada.com/24041e.htm,Sherry Romanado,(federal LPC MP)
https://338canada.com/24042e.htm,Jacques Gourde,(federal CPC MP)
https://338canada.com/24043e.htm,Denis Trudel,(federal BQ MP)
https://338canada.com/24044e.htm,Joël Lightbound,(federal LPC MP)
https://338canada.com/24045e.htm,Gérard Deltell,(federal CPC MP)
https://338canada.com/24046e.htm,Marilène Gill,(federal BQ MP)
https://338canada.com/24047e.htm,Luc Berthold,(federal CPC MP)
https://338canada.com/24048e.htm,Jean-Denis Garon,(federal BQ MP)
https://338canada.com/24049e.htm,Stéphane Bergeron,(federal BQ MP)
https://338canada.com/24050e.htm,Luc Thériault,(federal BQ MP)
https://338canada.com/24051e.htm,Bernard Généreux,(federal CPC MP)
https://338canada.com/24052e.htm,Anthony Housefather,(federal LPC MP)
https://338canada.com/24053e.htm,Anna Gainey,(federal LPC MP)
https://338canada.com/24054e.htm,Rachel Bendayan,(federal LPC MP)
https://338canada.com/24055e.htm,Justin Trudeau,(federal LPC MP)
https://338canada.com/24056e.htm,Sameer Zuberi,(federal LPC MP)
https://338canada.com/24057e.htm,Sophie Chatel,(federal LPC MP)
https://338canada.com/24058e.htm,Joël Godin,(federal CPC MP)
https://338canada.com/24059e.htm,Jean-Yves Duclos,(federal LPC MP)
https://338canada.com/24060e.htm,Monique Pauzé,(federal BQ MP)
https://338canada.com/24061e.htm,Alain Rayes,(federal IND MP)
https://338canada.com/24062e.htm,Luc Desilets,(federal BQ MP)
https://338canada.com/24063e.htm,Rhéal Fortin,(federal BQ MP)
https://338canada.com/24064e.htm,Alexandre Boulerice,(federal NDP MP)
https://338canada.com/24065e.htm,Yves Robilliard,(federal LPC MP)
https://338canada.com/24066e.htm,Simon-Pierre Savard-Tremblay,(federal BQ MP)
https://338canada.com/24067e.htm,Christine Normandin,(federal BQ MP)
https://338canada.com/24068e.htm,Emmanuella Lambropoulos,(federal LPC MP)
https://338canada.com/24069e.htm,Patricia Lattanzio,(federal LPC MP)
https://338canada.com/24070e.htm,François-Philippe Champagne,(federal LPC MP)
https://338canada.com/24071e.htm,Claude Debellefeuille,(federal BQ MP)
https://338canada.com/24072e.htm,Andréanne Larouche,(federal BQ MP)
https://338canada.com/24073e.htm,Élisabeth Brière,(federal LPC MP)
https://338canada.com/24074e.htm,Peter Schiefke,(federal LPC MP)
https://338canada.com/24075e.htm,Nathalie Sinclair-Desgagné,(federal BQ MP)
https://338canada.com/24076e.htm,René Villemure,(federal BQ MP)
https://338canada.com/24077e.htm,Marc Miller,(federal LPC MP)
https://338canada.com/24078e.htm,Annie Koutrakis,(federal LPC MP)
https://338canada.com/35001e.htm,Mark Holland,(federal LPC MP)
https://338canada.com/35002e.htm,Carol Hughes,(federal NDP MP)
https://338canada.com/35003e.htm,Leah Taylor-Roy,(federal LPC MP)
https://338canada.com/35004e.htm,John Brassard,(federal CPC MP)
https://338canada.com/35005e.htm,Doug Shipley,(federal CPC MP)
https://338canada.com/35006e.htm,Ryan Williams,(federal CPC MP)
https://338canada.com/35007e.htm,Nathaniel Erskine—Smith,(federal LPC MP)
https://338canada.com/35008e.htm,Shafqat Ali,(federal LPC MP)
https://338canada.com/35009e.htm,Maninder Sidhu,(federal LPC MP)
https://338canada.com/35010e.htm,Ruby Sahota,(federal LPC MP)
https://338canada.com/35011e.htm,Sonia Sidhu,(federal LPC MP)
https://338canada.com/35012e.htm,Kamal Khera,(federal LPC MP)
https://338canada.com/35013e.htm,Larry Brock,(federal CPC MP)
https://338canada.com/35014e.htm,Alex Ruff,(federal CPC MP)
https://338canada.com/35015e.htm,Karina Gould,(federal LPC MP)
https://338canada.com/35016e.htm,Bryan May,(federal LPC MP)
https://338canada.com/35017e.htm,Dave Epp,(federal CPC MP)
https://338canada.com/35018e.htm,Julie Dzerowicz,(federal LPC MP)
https://338canada.com/35019e.htm,Michael Coteau,(federal LPC MP)
https://338canada.com/35020e.htm,Han Dong,(federal IND MP)
https://338canada.com/35021e.htm,Rob Oliphant,(federal LPC MP)
https://338canada.com/35022e.htm,Kyle Seeback,(federal CPC MP)
https://338canada.com/35023e.htm,,(federal Vacant MP)
https://338canada.com/35024e.htm,Marco Mendicino,(federal LPC MP)
https://338canada.com/35025e.htm,Karen Vecchio,(federal CPC MP)
https://338canada.com/35026e.htm,Chris Lewis,(federal CPC MP)
https://338canada.com/35027e.htm,Yvan Baker,(federal LPC MP)
https://338canada.com/35028e.htm,James Maloney,(federal LPC MP)
https://338canada.com/35029e.htm,Kirsty Duncan,(federal LPC MP)
https://338canada.com/35030e.htm,Dan Muys,(federal CPC MP)
https://338canada.com/35031e.htm,Francis Drouin,(federal LPC MP)
https://338canada.com/35032e.htm,Lloyd Longfield,(federal LPC MP)
https://338canada.com/35033e.htm,Leslyn Lewis,(federal CPC MP)
https://338canada.com/35034e.htm,Jamie Schmale,(federal CPC MP)
https://338canada.com/35035e.htm,Matthew Green,(federal NDP MP)
https://338canada.com/35036e.htm,Chad Collins,(federal LPC MP)
https://338canada.com/35037e.htm,Lisa Hepfner,(federal LPC MP)
https://338canada.com/35038e.htm,Filomena Tassi,(federal LPC MP)
https://338canada.com/35039e.htm,Shelby Kramp-Neuman,(federal CPC MP)
https://338canada.com/35040e.htm,Ben Lobb,(federal CPC MP)
https://338canada.com/35041e.htm,Jenna Sudds,(federal LPC MP)
https://338canada.com/35042e.htm,Eric Melillo,(federal CPC MP)
https://338canada.com/35043e.htm,Anna Roberts,(federal CPC MP)
https://338canada.com/35044e.htm,Mark Gerretsen,(federal LPC MP)
https://338canada.com/35045e.htm,Mike Morrice,(federal GPC MP)
https://338canada.com/35046e.htm,Tim Louis,(federal LPC MP)
https://338canada.com/35047e.htm,Valerie Bradford,(federal LPC MP)
https://338canada.com/35048e.htm,Lianne Rood,(federal CPC MP)
https://338canada.com/35049e.htm,Scott Reid,(federal CPC MP)
https://338canada.com/35050e.htm,Michael Barrett,(federal CPC MP)
https://338canada.com/35051e.htm,Lindsay Mathyssen,(federal NDP MP)
https://338canada.com/35052e.htm,Peter Fragiskatos,(federal LPC MP)
https://338canada.com/35053e.htm,Arielle Kayabaga,(federal LPC MP)
https://338canada.com/35054e.htm,Helena Jaczek,(federal LPC MP)
https://338canada.com/35055e.htm,Mary Ng,(federal LPC MP)
https://338canada.com/35056e.htm,Paul Chiang,(federal LPC MP)
https://338canada.com/35057e.htm,Adam van Koeverden,(federal LPC MP)
https://338canada.com/35058e.htm,Omar Alghabra,(federal LPC MP)
https://338canada.com/35059e.htm,Peter Fonseca,(federal LPC MP)
https://338canada.com/35060e.htm,Iqra Khalid,(federal LPC MP)
https://338canada.com/35061e.htm,Charles Sousa,(federal LPC MP)
https://338canada.com/35062e.htm,Iqwinder Gaheer,(federal LPC MP)
https://338canada.com/35063e.htm,Rechie Valdez,(federal LPC MP)
https://338canada.com/35064e.htm,Chandra Arya,(federal LPC MP)
https://338canada.com/35065e.htm,Tony Van Bynen,(federal LPC MP)
https://338canada.com/35066e.htm,Vance Badawey,(federal LPC MP)
https://338canada.com/35067e.htm,Tony Baldinelli,(federal CPC MP)
https://338canada.com/35068e.htm,Dean Allison,(federal CPC MP)
https://338canada.com/35069e.htm,Marc Serré,(federal LPC MP)
https://338canada.com/35070e.htm,Anthony Rota,(federal LPC MP)
https://338canada.com/35071e.htm,Philip Lawrence,(federal CPC MP)
https://338canada.com/35072e.htm,Anita Anand,(federal LPC MP)
https://338canada.com/35073e.htm,Pam Damoff,(federal LPC MP)
https://338canada.com/35074e.htm,Colin Carrie,(federal CPC MP)
https://338canada.com/35075e.htm,Yasir Naqvi,(federal LPC MP)
https://338canada.com/35076e.htm,Marie-France Lalonde,(federal LPC MP)
https://338canada.com/35077e.htm,David McGuinty,(federal LPC MP)
https://338canada.com/35078e.htm,Mona Fortier,(federal LPC MP)
https://338canada.com/35079e.htm,Anita Vandenbeld,(federal LPC MP)
https://338canada.com/35080e.htm,Arpan Khanna,(federal CPC MP)
https://338canada.com/35081e.htm,Arif Virani,(federal LPC MP)
https://338canada.com/35082e.htm,Scott Aitchison,(federal CPC MP)
https://338canada.com/35083e.htm,John Nater,(federal CPC MP)
https://338canada.com/35084e.htm,Michelle Ferreri,(federal CPC MP)
https://338canada.com/35085e.htm,Jennifer O’Connell,(federal LPC MP)
https://338canada.com/35086e.htm,Cheryl Gallant,(federal CPC MP)
https://338canada.com/35087e.htm,Majid Jowhari,(federal LPC MP)
https://338canada.com/35088e.htm,Pierre Poilievre,(federal CPC MP)
https://338canada.com/35089e.htm,Chris Bittle,(federal LPC MP)
https://338canada.com/35090e.htm,Carolyn Bennett,(federal LPC MP)
https://338canada.com/35091e.htm,Marilyn Gladu,(federal CPC MP)
https://338canada.com/35092e.htm,Terry Sheehan,(federal LPC MP)
https://338canada.com/35093e.htm,Jean Yip,(federal LPC MP)
https://338canada.com/35094e.htm,Salma Zahid,(federal LPC MP)
https://338canada.com/35095e.htm,John McKay,(federal LPC MP)
https://338canada.com/35096e.htm,Shaun Chen,(federal LPC MP)
https://338canada.com/35097e.htm,Gary Anandasangaree,(federal LPC MP)
https://338canada.com/35098e.htm,Bill Blair,(federal LPC MP)
https://338canada.com/35099e.htm,Terry Dowdall,(federal CPC MP)
https://338canada.com/35100e.htm,Adam Chambers,(federal CPC MP)
https://338canada.com/35101e.htm,Kevin Vuoung,(federal IND MP)
https://338canada.com/35102e.htm,Eric Duncan,(federal CPC MP)
https://338canada.com/35103e.htm,Viviane LaPointe,(federal LPC MP)
https://338canada.com/35104e.htm,Melissa Lantsman,(federal CPC MP)
https://338canada.com/35105e.htm,Marcus Powlowski,(federal LPC MP)
https://338canada.com/35106e.htm,Patty Hadju,(federal LPC MP)
https://338canada.com/35107e.htm,Charlie Angus,(federal NDP MP)
https://338canada.com/35108e.htm,Marci Ien,(federal LPC MP)
https://338canada.com/35109e.htm,Julie Drabusin,(federal LPC MP)
https://338canada.com/35110e.htm,Chrystia Freeland,(federal LPC MP)
https://338canada.com/35111e.htm,Francesco Sorbara,(federal LPC MP)
https://338canada.com/35112e.htm,Bardish Chagger,(federal LPC MP)
https://338canada.com/35113e.htm,Michael Chong,(federal CPC MP)
https://338canada.com/35114e.htm,Ryan Turnbull,(federal LPC MP)
https://338canada.com/35115e.htm,Ali Ehsassi,(federal LPC MP)
https://338canada.com/35116e.htm,Irek Kusmierczyk,(federal LPC MP)
https://338canada.com/35117e.htm,Brian Masse,(federal NDP MP)
https://338canada.com/35118e.htm,Ya’ara Saks,(federal LPC MP)
https://338canada.com/35119e.htm,Scot Davidson,(federal CPC MP)
https://338canada.com/35120e.htm,Ahmed Hussen,(federal LPC MP)
https://338canada.com/35121e.htm,Judy Sgro,(federal LPC MP)
https://338canada.com/46001e.htm,Larry Maguire,(federal CPC MP)
https://338canada.com/46002e.htm,Marty Morantz,(federal CPC MP)
https://338canada.com/46003e.htm,Niki Ashton,(federal NDP MP)
https://338canada.com/46004e.htm,Dan Mazier,(federal CPC MP)
https://338canada.com/46005e.htm,Daniel Blaikie,(federal NDP MP)
https://338canada.com/46006e.htm,Raquel Dancho,(federal CPC MP)
https://338canada.com/46007e.htm,Branden Leslie,(federal CPC MP)
https://338canada.com/46008e.htm,Ted Falk,(federal CPC MP)
https://338canada.com/46009e.htm,Dan Vandal,(federal LPC MP)
https://338canada.com/46010e.htm,James Bezan,(federal CPC MP)
https://338canada.com/46011e.htm,Leah Gazan,(federal NDP MP)
https://338canada.com/46012e.htm,Kevin Lamoureux,(federal LPC MP)
https://338canada.com/46013e.htm,Terry Duguid,(federal LPC MP)
https://338canada.com/46014e.htm,Ben Carr,(federal LPC MP)
https://338canada.com/47001e.htm,Rosemarie Falk,(federal CPC MP)
https://338canada.com/47002e.htm,Jeremy Patzer,(federal CPC MP)
https://338canada.com/47003e.htm,Gary Vidal,(federal CPC MP)
https://338canada.com/47004e.htm,Kelly Block,(federal CPC MP)
https://338canada.com/47005e.htm,Fraser Tolmie,(federal CPC MP)
https://338canada.com/47006e.htm,Randy Hoback,(federal CPC MP)
https://338canada.com/47007e.htm,Warren Steinley,(federal CPC MP)
https://338canada.com/47008e.htm,Andrew Scheer,(federal CPC MP)
https://338canada.com/47009e.htm,Michael Kram,(federal CPC MP)
https://338canada.com/47010e.htm,Kevin Waugh,(federal CPC MP)
https://338canada.com/47011e.htm,Corey Tochor,(federal CPC MP)
https://338canada.com/47012e.htm,Brad Redekopp,(federal CPC MP)
https://338canada.com/47013e.htm,Robert Kitchen,(federal CPC MP)
https://338canada.com/47014e.htm,Cathay Wagantall,(federal CPC MP)
https://338canada.com/48001e.htm,Blake Richards,(federal CPC MP)
https://338canada.com/48002e.htm,Damien Kurek,(federal CPC MP)
https://338canada.com/48003e.htm,Martin Shields,(federal CPC MP)
https://338canada.com/48004e.htm,Greg MacLean,(federal CPC MP)
https://338canada.com/48005e.htm,Len Webber,(federal CPC MP)
https://338canada.com/48006e.htm,Jasraj Singh Hallan,(federal CPC MP)
https://338canada.com/48007e.htm,Shuv Majumdar,(federal CPC MP)
https://338canada.com/48008e.htm,Stephanie Kusie,(federal CPC MP)
https://338canada.com/48009e.htm,Michelle Rempel Garner,(federal CPC MP)
https://338canada.com/48010e.htm,Pat Kelly,(federal CPC MP)
https://338canada.com/48011e.htm,Tom Kmiec,(federal CPC MP)
https://338canada.com/48012e.htm,Ron Liepert,(federal CPC MP)
https://338canada.com/48013e.htm,George Cahal,(federal LPC MP)
https://338canada.com/48014e.htm,Randy Boissonnault,(federal LPC MP)
https://338canada.com/48015e.htm,Blake Desjarlais,(federal NDP MP)
https://338canada.com/48016e.htm,Ziad Aboultaif,(federal CPC MP)
https://338canada.com/48017e.htm,Tim Uppal,(federal CPC MP)
https://338canada.com/48018e.htm,Matt Jeneroux,(federal CPC MP)
https://338canada.com/48019e.htm,Heather McPherson,(federal NDP MP)
https://338canada.com/48020e.htm,Kelly McCauley,(federal CPC MP)
https://338canada.com/48021e.htm,Mike Lake,(federal CPC MP)
https://338canada.com/48022e.htm,John Barlow,(federal CPC MP)
https://338canada.com/48023e.htm,Laila Goodridge,(federal CPC MP)
https://338canada.com/48024e.htm,Chris Warkentin,(federal CPC MP)
https://338canada.com/48025e.htm,Shannon Stubbs,(federal CPC MP)
https://338canada.com/48026e.htm,Rachael Harder,(federal CPC MP)
https://338canada.com/48027e.htm,Glen Motz,(federal CPC MP)
https://338canada.com/48028e.htm,Arnold Viersen,(federal CPC MP)
https://338canada.com/48029e.htm,Earl Dreeshen,(federal CPC MP)
https://338canada.com/48030e.htm,Blaine Calkins,(federal CPC MP)
https://338canada.com/48031e.htm,Michael Cooper,(federal CPC MP)
https://338canada.com/48032e.htm,Garnett Genuis,(federal CPC MP)
https://338canada.com/48033e.htm,Dane Lloyd,(federal CPC MP)
https://338canada.com/48034e.htm,Gerald Soroka,(federal CPC MP)
https://338canada.com/59001e.htm,Ed Fast,(federal CPC MP)
https://338canada.com/59002e.htm,Terry Beech,(federal LPC MP)
https://338canada.com/59003e.htm,Jagmeet Singh,(federal NDP MP)
https://338canada.com/59004e.htm,Todd Doherty,(federal CPC MP)
https://338canada.com/59005e.htm,Dan Albas,(federal CPC MP)
https://338canada.com/59006e.htm,Mark Strahl,(federal CPC MP)
https://338canada.com/59007e.htm,John Aldag,(federal LPC MP)
https://338canada.com/59008e.htm,Ron McKinnon,(federal LPC MP)
https://338canada.com/59009e.htm,Gord Johns,(federal NDP MP)
https://338canada.com/59010e.htm,Alistair MacGregor,(federal NDP MP)
https://338canada.com/59011e.htm,Carla Qualtrough,(federal LPC MP)
https://338canada.com/59012e.htm,Ken Hardie,(federal LPC MP)
https://338canada.com/59013e.htm,Frank Caputo,(federal CPC MP)
https://338canada.com/59014e.htm,Tracy Gray,(federal CPC MP)
https://338canada.com/59015e.htm,Rob Morrison,(federal CPC MP)
https://338canada.com/59016e.htm,Tako Van Popta,(federal CPC MP)
https://338canada.com/59017e.htm,Brad Vis,(federal CPC MP)
https://338canada.com/59018e.htm,Lisa Marie Barron,(federal NDP MP)
https://338canada.com/59019e.htm,Peter Julian,(federal NDP MP)
https://338canada.com/59020e.htm,Mel Arnold,(federal CPC MP)
https://338canada.com/59021e.htm,Jonathan Wilkinson,(federal LPC MP)
https://338canada.com/59022e.htm,Marc Dalton,(federal CPC MP)
https://338canada.com/59023e.htm,Bonita Zarrillo,(federal NDP MP)
https://338canada.com/59024e.htm,Bob Zimmer,(federal CPC MP)
https://338canada.com/59025e.htm,Wilson Miao,(federal LPC MP)
https://338canada.com/59026e.htm,Randall Garrison,(federal NDP MP)
https://338canada.com/59027e.htm,Elizabeth May,(federal GPC MP)
https://338canada.com/59028e.htm,Talor Bachrach,(federal NDP MP)
https://338canada.com/59029e.htm,Richard Cannings,(federal NDP MP)
https://338canada.com/59030e.htm,Kerry-Lynne Findlay,(federal CPC MP)
https://338canada.com/59031e.htm,Parm Bains,(federal LPC MP)
https://338canada.com/59032e.htm,Randeep Sarai,(federal LPC MP)
https://338canada.com/59033e.htm,Sukh Dhaliwal,(federal LPC MP)
https://338canada.com/59034e.htm,Hedy Fry,(federal LPC MP)
https://338canada.com/59035e.htm,Jenny Kwan,(federal NDP MP)
https://338canada.com/59036e.htm,Taleeb Noormohamed,(federal LPC MP)
https://338canada.com/59037e.htm,Rachael Blaney,(federal NDP MP)
https://338canada.com/59038e.htm,Don Davies,(federal NDP MP)
https://338canada.com/59039e.htm,Joyce Murray,(federal LPC MP)
https://338canada.com/59040e.htm,Harjit S. Sajjan,(federal LPC MP)
https://338canada.com/59041e.htm,Laurel Collins,(federal NDP MP)
https://338canada.com/59042e.htm,Patrick Weiler,(federal LPC MP)
https://338canada.com/60001e.htm,Brendan Hanley,(federal LPC MP)
https://338canada.com/61001e.htm,Michael McLeod,(federal LPC MP)
https://338canada.com/62001e.htm,Lori Idlout,(federal NDP MP)
